Experimental,Prediction,Salt Name
7.3220017181,7.32406127118,1-ethyl-3-methylimidazolium ethyl sulfate
7.11485074587,7.11901628337,1-ethyl-3-methylimidazolium bis[(trifluoromethyl)sulfonyl]imide
7.11476944837,7.11790663092,1-ethyl-3-methylimidazolium tetrafluoroborate
7.13265728331,7.13638517162,1-ethyl-3-methylimidazolium hexafluorophosphate
7.23244407706,7.22022403545,1-ethyl-3-methylimidazolium bis[(trifluoromethyl)sulfonyl]imide
7.31402006726,7.318186791,1-ethyl-3-methylimidazolium ethyl sulfate
7.13823187766,7.14373259584,1-ethyl-3-methylimidazolium ethyl sulfate
7.2464393534,7.25871504108,1-ethyl-3-methylimidazolium acetate
7.12399505398,7.12725474202,1-ethyl-3-methylimidazolium trifluoromethanesulfonate
7.0913427009,7.09432715572,1-ethyl-3-methylimidazolium ethyl sulfate
7.13049875028,7.1276883034,1-ethyl-3-methylimidazolium ethyl sulfate
7.25035158231,7.23632395142,1-ethyl-3-methylimidazolium thiocyanate
7.14029455194,7.14230378578,1-ethyl-3-methylimidazolium methylsulfate
7.13815245901,7.13650002367,1-ethyl-3-methylimidazolium ethyl sulfate
7.13249755166,7.13062554349,1-ethyl-3-methylimidazolium tetrafluoroborate
7.28920088125,7.29468887029,1-ethyl-3-methylimidazolium tetrafluoroborate
7.0855666803,7.08015315994,1-ethyl-3-methylimidazolium ethyl sulfate
7.15695636462,7.15404687166,1-ethyl-3-methylimidazolium ethyl sulfate
7.17441798421,7.15502956345,1-ethyl-3-methylimidazolium ethyl sulfate
7.15882523294,7.13851577536,1-ethyl-3-methylimidazolium ethyl sulfate
7.28344822876,7.29893919123,1-ethyl-3-methylimidazolium tetrafluoroborate
7.11349221028,7.11754766332,1-ethyl-3-methylimidazolium bis[(trifluoromethyl)sulfonyl]imide
7.1228666586,7.12607984598,1-ethyl-3-methylimidazolium tetrafluoroborate
7.08355561879,7.07911331388,1-ethyl-3-methylimidazolium ethyl sulfate
7.10101677581,7.09831590251,1-ethyl-3-methylimidazolium bis[(trifluoromethyl)sulfonyl]imide
7.33211410472,7.33287299145,1-ethyl-3-methylimidazolium tetrafluoroborate
7.09184194372,7.09494463113,1-ethyl-3-methylimidazolium methanesulfonate
7.13353535162,7.13062554349,1-ethyl-3-methylimidazolium ethyl sulfate
7.24029120707,7.22609851563,1-ethyl-3-methylimidazolium tetrafluoroborate
7.21450441415,7.22967257114,1-ethyl-3-methylimidazolium ethyl sulfate
7.1276134393,7.13253846171,1-ethyl-3-methylimidazolium thiocyanate
7.21839675557,7.21203994646,1-ethyl-3-methylimidazolium acetate
7.19518732018,7.20839661157,1-ethyl-3-methylimidazolium ethyl sulfate
7.11705950711,7.12138026184,1-ethyl-3-methylimidazolium ethyl sulfate
7.31212645563,7.31524955091,1-ethyl-3-methylimidazolium hexafluorophosphate
6.97737462086,6.99016260487,1-ethyl-3-methylimidazolium acetate
7.12618373167,7.1313744396,1-ethyl-3-methylimidazolium acetate
7.25304566405,7.23866346939,1-ethyl-3-methylimidazolium tetrafluoroborate
7.28961052145,7.30065146767,1-ethyl-3-methylimidazolium ethyl sulfate
7.16935001667,7.17293225187,1-ethyl-3-methylimidazolium ethyl sulfate
7.17678955706,7.17324662942,1-ethyl-3-methylimidazolium acetate
7.38150189451,7.35429629088,1-ethyl-3-methylimidazolium ethyl sulfate
7.01813318645,7.01915864119,1-ethyl-3-methylimidazolium ethyl sulfate
7.36770857237,7.33196676741,1-ethyl-3-methylimidazolium ethyl sulfate
7.32539267002,7.32699851127,1-ethyl-3-methylimidazolium trifluoromethanesulfonate
7.09448377759,7.09285853567,1-ethyl-3-methylimidazolium ethyl sulfate
7.13457207566,7.13637643528,1-ethyl-3-methylimidazolium ethyl sulfate
7.13807303404,7.1402571445,1-ethyl-3-methylimidazolium hexafluorophosphate
7.1800698743,7.18711799575,1-ethyl-3-methylimidazolium methylsulfate
7.13241767627,7.13606599238,1-ethyl-3-methylimidazolium ethyl sulfate
7.35691824236,7.31423458756,1-ethyl-3-methylimidazolium thiocyanate
7.08506429395,7.0801355365,1-ethyl-3-methylimidazolium ethyl sulfate
7.10848960878,7.10970410653,1-ethyl-3-methylimidazolium methylsulfate
7.31468597925,7.3181863211,1-ethyl-3-methylimidazolium tetrafluoroborate
7.3284373529,7.33002386856,1-ethyl-3-methylimidazolium bis[(trifluoromethyl)sulfonyl]imide
7.14936723458,7.14917636421,1-ethyl-3-methylimidazolium ethyl sulfate
7.31564411416,7.318186791,1-ethyl-3-methylimidazolium bis[(trifluoromethyl)sulfonyl]imide
7.12447826249,7.12843719951,1-ethyl-3-methylimidazolium ethyl sulfate
7.31468597925,7.31818667574,1-ethyl-3-methylimidazolium tetrafluoroborate
7.09140928101,7.09200786094,1-ethyl-3-methylimidazolium bis[(trifluoromethyl)sulfonyl]imide
7.06270563898,7.05738506471,1-ethyl-3-methylimidazolium ethyl sulfate
7.14503839385,7.14520589425,1-ethyl-3-methylimidazolium bis[(trifluoromethyl)sulfonyl]imide
7.09689520445,7.09992422279,1-ethyl-3-methylimidazolium ethyl sulfate
7.29553152422,7.30056335046,1-ethyl-3-methylimidazolium tetrafluoroborate
6.98712083436,6.98677854139,1-ethyl-3-methylimidazolium bis[(trifluoromethyl)sulfonyl]imide
7.12351161186,7.12137979193,1-ethyl-3-methylimidazolium bis[(trifluoromethyl)sulfonyl]imide
7.11061448699,7.11315598959,1-ethyl-3-methylimidazolium ethyl sulfate
7.08932655439,7.09024551689,1-ethyl-3-methylimidazolium tetrafluoroborate
6.988413182,7.00191156522,1-ethyl-3-methylimidazolium ethyl sulfate
7.08019483592,7.08025890059,1-ethyl-3-methylimidazolium ethyl sulfate
7.22788033992,7.21428493599,1-ethyl-3-methylimidazolium trifluoromethanesulfonate
7.1115121165,7.1061611601,1-ethyl-3-methylimidazolium tetrafluoroborate
7.23705902612,7.22326701618,1-ethyl-3-methylimidazolium ethyl sulfate
7.11801620447,7.12137979193,1-ethyl-3-methylimidazolium methylsulfate
7.11420018067,7.11714432,1-ethyl-3-methylimidazolium ethyl sulfate
7.12318918723,7.12666043509,1-ethyl-3-methylimidazolium thiocyanate
7.11517586983,7.11844255184,1-ethyl-3-methylimidazolium bis[(trifluoromethyl)sulfonyl]imide
7.15804696222,7.16054909837,1-ethyl-3-methylimidazolium tetrafluoroborate
7.12149475022,7.12434687433,1-ethyl-3-methylimidazolium ethyl sulfate
7.15594260074,7.15404651702,1-ethyl-3-methylimidazolium tetrafluoroborate
7.16425623395,7.16354070812,1-ethyl-3-methylimidazolium tetrafluoroborate
7.22271199357,7.21728632546,1-ethyl-3-methylimidazolium ethyl sulfate
7.0021559544,7.01659765041,1-ethyl-3-methylimidazolium thiocyanate
7.31295368486,7.318186791,1-ethyl-3-methylimidazolium methanesulfonate
7.33838768375,7.33874735637,1-ethyl-3-methylimidazolium tetrafluoroborate
7.14235298034,7.14229802656,1-ethyl-3-methylimidazolium trifluoromethanesulfonate
7.13854948923,7.13719348968,1-ethyl-3-methylimidazolium ethyl sulfate
7.12785420011,7.13182060906,1-ethyl-3-methylimidazolium tetrafluoroborate
7.305907043,7.31005063595,1-ethyl-3-methylimidazolium acetate
7.09953199455,7.09537866242,1-ethyl-3-methylimidazolium trifluoromethanesulfonate
7.18045060913,7.18116414865,1-ethyl-3-methylimidazolium tetrafluoroborate
7.09381982205,7.08864084148,1-ethyl-3-methylimidazolium bis[(trifluoromethyl)sulfonyl]imide
7.11801620447,7.12181382322,1-ethyl-3-methylimidazolium methanesulfonate
7.13065880149,7.1305490662,1-ethyl-3-methylimidazolium ethyl sulfate
7.09994465497,7.10139638927,1-ethyl-3-methylimidazolium ethyl sulfate
7.24594033361,7.25840220622,1-ethyl-3-methylimidazolium ethyl sulfate
7.13083482825,7.13669409356,1-ethyl-3-methylimidazolium acetate
7.15524796927,7.13971573173,1-ethyl-3-methylimidazolium methylsulfate
7.30249642373,7.30746582717,1-ethyl-3-methylimidazolium ethyl sulfate
7.1092910547,7.11258697696,1-ethyl-3-methylimidazolium trifluoromethanesulfonate
7.09090982208,7.09237151857,1-ethyl-3-methylimidazolium ethyl sulfate
6.99823563211,7.01366052558,1-ethyl-3-methylimidazolium ethyl sulfate
7.10192305806,7.10150158214,1-ethyl-3-methylimidazolium bis[(trifluoromethyl)sulfonyl]imide
7.21450441415,7.20260047965,1-ethyl-3-methylimidazolium bis[(trifluoromethyl)sulfonyl]imide
7.11085937496,7.11461042323,1-ethyl-3-methylimidazolium ethyl sulfate
7.24793492039,7.23340048441,1-ethyl-3-methylimidazolium ethyl sulfate
7.08774077598,7.08907062085,1-ethyl-3-methylimidazolium bis[(trifluoromethyl)sulfonyl]imide
7.00197395422,7.00146474183,1-ethyl-3-methylimidazolium ethyl sulfate
7.33713220714,7.33757224887,1-ethyl-3-methylimidazolium tetrafluoroborate
6.99550055327,7.01072328549,1-ethyl-3-methylimidazolium ethyl sulfate
6.99393297522,6.99265302157,1-ethyl-3-methylimidazolium ethyl sulfate
7.11273485967,7.1155056664,1-ethyl-3-methylimidazolium ethyl sulfate
7.12592648867,7.12400415455,1-ethyl-3-methylimidazolium bis[(trifluoromethyl)sulfonyl]imide
7.16857989726,7.14793669151,1-ethyl-3-methylimidazolium trifluoromethanesulfonate
7.09531310257,7.0944101745,1-ethyl-3-methylimidazolium tetrafluoroborate
7.09041011357,7.09142041293,1-ethyl-3-methylimidazolium tetrafluoroborate
7.09953199455,7.09729158064,1-ethyl-3-methylimidazolium ethyl sulfate
7.12809490296,7.1305490662,1-ethyl-3-methylimidazolium trifluoromethanesulfonate
7.23921497378,7.25759160107,1-ethyl-3-methylimidazolium ethyl sulfate
7.31654817718,7.33678158966,1-ethyl-3-methylimidazolium ethyl sulfate
7.12312468982,7.12725474202,1-ethyl-3-methylimidazolium ethyl sulfate
7.31920245877,7.32112403109,1-ethyl-3-methylimidazolium acetate
7.37023064181,7.33301767506,1-ethyl-3-methylimidazolium tetrafluoroborate
6.97867961732,6.99309984496,1-ethyl-3-methylimidazolium hexafluorophosphate
7.14708709049,7.14880013802,1-ethyl-3-methylimidazolium ethyl sulfate
7.11156105494,7.11550531176,1-ethyl-3-methylimidazolium ethyl sulfate
7.12931357444,7.13492087557,1-ethyl-3-methylimidazolium ethyl sulfate
7.10099204752,7.1037568213,1-ethyl-3-methylimidazolium thiocyanate
7.22380612548,7.21141219992,1-ethyl-3-methylimidazolium ethyl sulfate
7.15477159471,7.1570026624,1-ethyl-3-methylimidazolium ethyl sulfate
7.14013603565,7.14229802656,1-ethyl-3-methylimidazolium bis[(trifluoromethyl)sulfonyl]imide
7.11725416378,7.11991164179,1-ethyl-3-methylimidazolium methylsulfate
7.0917421151,7.09302632387,1-ethyl-3-methylimidazolium trifluoromethanesulfonate
7.145196135,7.14496942764,1-ethyl-3-methylimidazolium bis[(trifluoromethyl)sulfonyl]imide
7.09552032639,7.09788234112,1-ethyl-3-methylimidazolium trifluoromethanesulfonate
7.36264527042,7.31883193118,1-ethyl-3-methylimidazolium trifluoromethanesulfonate
7.32732051147,7.3281734073,1-ethyl-3-methylimidazolium acetate
7.15414649702,7.15644783618,1-ethyl-3-methylimidazolium ethyl sulfate
7.10958530216,7.1134192163,1-ethyl-3-methylimidazolium tetrafluoroborate
7.16626597413,7.17221631245,1-ethyl-3-methylimidazolium hexafluorophosphate
7.1576575996,7.1599214671,1-ethyl-3-methylimidazolium tetrafluoroborate
7.10328916725,7.10669406139,1-ethyl-3-methylimidazolium trifluoromethanesulfonate
7.00151880879,7.00153520065,1-ethyl-3-methylimidazolium ethyl sulfate
7.13146666905,7.13694432184,1-ethyl-3-methylimidazolium tetrafluoroborate
7.1483457439,7.14826062394,1-ethyl-3-methylimidazolium methanesulfonate
7.08296829654,7.07780359672,1-ethyl-3-methylimidazolium bis[(trifluoromethyl)sulfonyl]imide
7.33302301439,7.33328420506,1-ethyl-3-methylimidazolium tetrafluoroborate
7.1308988303,7.1356494958,1-ethyl-3-methylimidazolium thiocyanate
7.09165891696,7.09087295926,1-ethyl-3-methylimidazolium ethyl sulfate
6.98998021924,7.00191144996,1-ethyl-3-methylimidazolium tetrafluoroborate
7.32323672237,7.32406127118,1-ethyl-3-methylimidazolium tetrafluoroborate
7.16394668434,7.16579594728,1-ethyl-3-methylimidazolium hexafluorophosphate
7.12849594568,7.12494424759,1-ethyl-3-methylimidazolium hexafluorophosphate
7.12125245324,7.11015298007,1-ethyl-3-methylimidazolium ethyl sulfate
7.09615830609,7.09935049126,1-ethyl-3-methylimidazolium ethyl sulfate
6.99136086284,6.98971578148,1-ethyl-3-methylimidazolium tetrafluoroborate
7.09639019783,7.09788234112,1-ethyl-3-methylimidazolium ethyl sulfate
7.23276926269,7.22022403545,1-ethyl-3-methylimidazolium tetrafluoroborate
7.0101313456,7.0102764621,1-ethyl-3-methylimidazolium tetrafluoroborate
7.14345961234,7.12535262769,1-ethyl-3-methylimidazolium methanesulfonate
7.11297922899,7.11550578166,1-ethyl-3-methylimidazolium trifluoromethanesulfonate
7.32862118367,7.32993575136,1-ethyl-3-methylimidazolium bis[(trifluoromethyl)sulfonyl]imide
7.14748058989,7.12502953128,1-ethyl-3-methylimidazolium ethyl sulfate
7.16595704611,7.16730178947,1-ethyl-3-methylimidazolium acetate
7.02117324602,7.02259868408,1-ethyl-3-methylimidazolium bis[(trifluoromethyl)sulfonyl]imide
6.99768738648,7.00484293083,1-ethyl-3-methylimidazolium ethyl sulfate
7.10865322135,7.11081375898,1-ethyl-3-methylimidazolium methylsulfate
7.13823187766,7.14372519405,1-ethyl-3-methylimidazolium ethyl sulfate
7.11965181912,7.12431703202,1-ethyl-3-methylimidazolium ethyl sulfate
7.11177309386,7.11404303609,1-ethyl-3-methylimidazolium trifluoromethanesulfonate
7.1421156855,7.14403531028,1-ethyl-3-methylimidazolium tetrafluoroborate
7.35736485607,7.35363432147,1-ethyl-3-methylimidazolium hexafluorophosphate
7.14842435716,7.15110974683,1-ethyl-3-methylimidazolium ethyl sulfate
7.13839069605,7.11962500952,1-ethyl-3-methylimidazolium bis[(trifluoromethyl)sulfonyl]imide
7.11232744471,7.10712762278,1-ethyl-3-methylimidazolium methanesulfonate
7.2744102563,7.28283416929,1-ethyl-3-methylimidazolium ethyl sulfate
6.98443850375,6.99603696979,1-ethyl-3-methylimidazolium ethyl sulfate
7.15461535691,7.15408810828,1-ethyl-3-methylimidazolium ethyl sulfate
7.15062302314,7.15345942364,1-ethyl-3-methylimidazolium bis[(trifluoromethyl)sulfonyl]imide
7.33367639566,7.33255964407,1-ethyl-3-methylimidazolium ethyl sulfate
7.30720231476,7.3249738845,1-ethyl-3-methylimidazolium tetrafluoroborate
6.97466598426,6.98722536478,1-ethyl-3-methylimidazolium tetrafluoroborate
7.12343101545,7.126667294,1-ethyl-3-methylimidazolium tetrafluoroborate
7.13409372119,7.13437391403,1-ethyl-3-methylimidazolium ethyl sulfate
7.12572547152,7.13076524372,1-ethyl-3-methylimidazolium ethyl sulfate
7.17011954345,7.1757215042,1-ethyl-3-methylimidazolium thiocyanate
7.01355569787,7.02834661077,1-ethyl-3-methylimidazolium ethyl sulfate
7.1228666586,7.1191550511,1-ethyl-3-methylimidazolium ethyl sulfate
7.09257371597,7.093770205,1-ethyl-3-methylimidazolium thiocyanate
7.11890721744,7.12138026184,1-ethyl-3-methylimidazolium tetrafluoroborate
7.16819461504,7.16636920889,1-ethyl-3-methylimidazolium tetrafluoroborate
7.1051296384,7.10728150941,1-ethyl-3-methylimidazolium methylsulfate
7.25981961036,7.26973427446,1-ethyl-3-methylimidazolium ethyl sulfate
7.12447826249,7.12764245771,1-ethyl-3-methylimidazolium hexafluorophosphate
7.25827129561,7.24366012543,1-ethyl-3-methylimidazolium methylsulfate
7.12547615413,7.12872336206,1-ethyl-3-methylimidazolium ethyl sulfate
7.13345555908,7.13054895095,1-ethyl-3-methylimidazolium trifluoromethanesulfonate
7.00760061395,7.00758700263,1-ethyl-3-methylimidazolium ethyl sulfate
7.30907848792,7.3122006957,1-ethyl-3-methylimidazolium thiocyanate
7.12953790466,7.13492087557,1-ethyl-3-methylimidazolium bis[(trifluoromethyl)sulfonyl]imide
7.12592648867,7.12181382322,1-ethyl-3-methylimidazolium ethyl sulfate
7.06492995335,7.05916182913,1-ethyl-3-methylimidazolium ethyl sulfate
7.16472037877,7.14350364655,1-ethyl-3-methylimidazolium bis[(trifluoromethyl)sulfonyl]imide
7.35883089834,7.32021780705,1-ethyl-3-methylimidazolium ethyl sulfate
7.11371197887,7.11729743504,1-ethyl-3-methylimidazolium tetrafluoroborate
7.12044437239,7.11887658314,1-ethyl-3-methylimidazolium thiocyanate
7.29029288245,7.30603206317,1-ethyl-3-methylimidazolium ethyl sulfate
7.10455485496,7.10669406139,1-ethyl-3-methylimidazolium ethyl sulfate
7.15406833232,7.1668387993,1-ethyl-3-methylimidazolium ethyl sulfate
7.15383380158,7.15707234421,1-ethyl-3-methylimidazolium methylsulfate
6.99829957453,7.01366052558,1-ethyl-3-methylimidazolium ethyl sulfate
7.11069612298,7.11256854157,1-ethyl-3-methylimidazolium bis[(trifluoromethyl)sulfonyl]imide
7.12775790274,7.13314765759,1-ethyl-3-methylimidazolium ethyl sulfate
7.12673015342,7.13076524372,1-ethyl-3-methylimidazolium tetrafluoroborate
7.15796910182,7.15995072424,1-ethyl-3-methylimidazolium ethyl sulfate
7.11693782744,7.12137979193,1-ethyl-3-methylimidazolium tetrafluoroborate
7.13217801179,7.1366397239,1-ethyl-3-methylimidazolium ethyl sulfate
7.1647977153,7.16697840477,1-ethyl-3-methylimidazolium bis[(trifluoromethyl)sulfonyl]imide
7.30182234214,7.31788101256,1-ethyl-3-methylimidazolium tetrafluoroborate
7.35946763826,7.31778102353,1-ethyl-3-methylimidazolium hexafluorophosphate
7.35564110297,7.30819262327,1-ethyl-3-methylimidazolium tetrafluoroborate
7.25580311622,7.2409256838,1-ethyl-3-methylimidazolium ethyl sulfate
7.12060604081,7.12431750193,1-ethyl-3-methylimidazolium acetate
7.15796910182,7.13762916637,1-ethyl-3-methylimidazolium bis[(trifluoromethyl)sulfonyl]imide
7.12435748225,7.12929662368,1-ethyl-3-methylimidazolium methylsulfate
7.11110420297,7.10712762278,1-ethyl-3-methylimidazolium tetrafluoroborate
7.26836248145,7.25424408744,1-ethyl-3-methylimidazolium tetrafluoroborate
7.07834157956,7.02694769936,1-ethyl-3-methylimidazolium ethyl sulfate
7.12854406,7.13370248381,1-ethyl-3-methylimidazolium ethyl sulfate
7.32547828449,7.31834583836,1-ethyl-3-methylimidazolium tetrafluoroborate
7.13393421884,7.13642354638,1-ethyl-3-methylimidazolium tetrafluoroborate
6.99942246751,7.00484880531,1-ethyl-3-methylimidazolium trifluoromethanesulfonate
7.2463680801,7.26002838459,1-ethyl-3-methylimidazolium ethyl sulfate
7.3258075026,7.32702788367,1-ethyl-3-methylimidazolium tetrafluoroborate
7.33940781684,7.33874747162,1-ethyl-3-methylimidazolium ethyl sulfate
7.13396612135,7.11151822687,1-ethyl-3-methylimidazolium ethyl sulfate
7.1179351639,7.12200789311,1-ethyl-3-methylimidazolium ethyl sulfate
7.10221948122,7.10549410502,1-ethyl-3-methylimidazolium methanesulfonate
7.15656657704,7.13677837638,1-ethyl-3-methylimidazolium ethyl sulfate
7.20340552108,7.2225796992,1-ethyl-3-methylimidazolium tetrafluoroborate
7.07716044384,7.07379365992,1-ethyl-3-methylimidazolium tetrafluoroborate
7.13017857097,7.12843719951,1-ethyl-3-methylimidazolium ethyl sulfate
7.33243460601,7.32655359096,"1-ethyl-3-methylimidazolium 1,1,2,2,2-pentafluoro-N-[(pentafluoroethyl)sulfonyl]ethanesulfonamide"
7.15383380158,7.12796677137,1-ethyl-3-methylimidazolium ethyl sulfate
7.28687641175,7.3024856272,1-ethyl-3-methylimidazolium ethyl sulfate
7.1713495559,7.16991564486,1-ethyl-3-methylimidazolium ethyl sulfate
7.13568734703,7.13466778488,1-ethyl-3-methylimidazolium trifluoromethanesulfonate
7.07741366182,7.07570569801,"1-ethyl-3-methylimidazolium 1,1,2,2,2-pentafluoro-N-[(pentafluoroethyl)sulfonyl]ethanesulfonamide"
7.09507266913,7.09788234112,1-ethyl-3-methylimidazolium ethyl sulfate
7.15236282186,7.1320789075,1-ethyl-3-methylimidazolium hexafluorophosphate
7.1260872733,7.12472169091,1-ethyl-3-methylimidazolium acetate
7.11752175485,7.12138026184,1-ethyl-3-methylimidazolium acetate
7.15936966227,7.15755748863,1-ethyl-3-methylimidazolium methanesulfonate
7.09082655467,7.09206058758,"1-ethyl-3-methylimidazolium 1,1,2,2,2-pentafluoro-N-[(pentafluoroethyl)sulfonyl]ethanesulfonamide"
7.32574166764,7.32699851127,1-ethyl-3-methylimidazolium ethyl sulfate
7.22497188154,7.21432018287,1-ethyl-3-methylimidazolium tetrafluoroborate
7.1308988303,7.13082747806,1-ethyl-3-methylimidazolium bis[(trifluoromethyl)sulfonyl]imide
7.12407560495,7.12181382322,1-ethyl-3-methylimidazolium thiocyanate
7.1268908089,7.13142526282,1-ethyl-3-methylimidazolium ethyl sulfate
7.1018407027,7.10389820884,1-ethyl-3-methylimidazolium tetrafluoroborate
7.21759015608,7.205537835,1-ethyl-3-methylimidazolium ethyl sulfate
7.10002716663,7.09004983533,1-ethyl-3-methylimidazolium methylsulfate
7.23063556208,7.22418927207,1-ethyl-3-methylimidazolium acetate
7.31208641105,7.31305598275,1-ethyl-3-methylimidazolium methanesulfonate
6.97592781409,6.99016260487,1-ethyl-3-methylimidazolium ethyl sulfate
7.1308988303,7.12796677137,1-ethyl-3-methylimidazolium trifluoromethanesulfonate
7.30867674704,7.31281164164,1-ethyl-3-methylimidazolium ethyl sulfate
7.35058039585,7.34761776548,1-ethyl-3-methylimidazolium acetate
7.11979743723,7.1301626097,1-ethyl-3-methylimidazolium bis[(trifluoromethyl)sulfonyl]imide
7.15617663748,7.15919896582,1-ethyl-3-methylimidazolium tetrafluoroborate
7.14897447702,7.15404687166,1-ethyl-3-methylimidazolium methylsulfate
7.12318918723,7.12782800363,1-ethyl-3-methylimidazolium bis[(trifluoromethyl)sulfonyl]imide
7.15461535691,7.15698422701,1-ethyl-3-methylimidazolium ethyl sulfate
7.07386276191,7.07113383294,1-ethyl-3-methylimidazolium tetrafluoroborate
7.23935853849,7.22271812001,1-ethyl-3-methylimidazolium thiocyanate
7.14440718032,7.14265297182,1-ethyl-3-methylimidazolium bis[(trifluoromethyl)sulfonyl]imide
7.12447826249,7.11487488712,1-ethyl-3-methylimidazolium acetate
7.3153514481,7.31235417044,1-ethyl-3-methylimidazolium ethyl sulfate
7.35025923453,7.34855197904,1-ethyl-3-methylimidazolium ethyl sulfate
7.15469347886,7.15290140021,1-ethyl-3-methylimidazolium thiocyanate
7.13249755166,7.13730328944,1-ethyl-3-methylimidazolium thiocyanate
7.01714765575,7.01910495445,1-ethyl-3-methylimidazolium tetrafluoroborate
7.09041011357,7.09200786094,1-ethyl-3-methylimidazolium thiocyanate
7.00415577327,7.01659776567,1-ethyl-3-methylimidazolium trifluoromethanesulfonate
7.13512986682,7.13357012893,1-ethyl-3-methylimidazolium bis[(trifluoromethyl)sulfonyl]imide
7.12849594568,7.13320202725,1-ethyl-3-methylimidazolium trifluoromethanesulfonate
7.10701588983,7.08564545376,1-ethyl-3-methylimidazolium thiocyanate
7.10840779246,7.10859445408,1-ethyl-3-methylimidazolium ethyl sulfate
6.99668148818,6.99573164919,1-ethyl-3-methylimidazolium methylsulfate
7.22424344328,7.2105390323,1-ethyl-3-methylimidazolium trifluoromethanesulfonate
7.17395831976,7.18164597889,1-ethyl-3-methylimidazolium hexafluorophosphate
7.13926374663,7.13642343112,1-ethyl-3-methylimidazolium ethyl sulfate
7.14219479004,7.1191550511,1-ethyl-3-methylimidazolium tetrafluoroborate
7.12102625642,7.12431750193,1-ethyl-3-methylimidazolium bis[(trifluoromethyl)sulfonyl]imide
7.30720231476,7.31240042802,1-ethyl-3-methylimidazolium bis[(trifluoromethyl)sulfonyl]imide
7.13966033596,7.14550581383,1-ethyl-3-methylimidazolium ethyl sulfate
7.12745289989,7.10626050404,1-ethyl-3-methylimidazolium ethyl sulfate
7.04673430626,7.04533427529,1-ethyl-3-methylimidazolium thiocyanate
7.30236164376,7.30643736074,1-ethyl-3-methylimidazolium ethyl sulfate
7.29573507275,7.29997258998,1-ethyl-3-methylimidazolium ethyl sulfate
7.09564464008,7.09845560274,1-ethyl-3-methylimidazolium acetate
7.32974968904,7.33146742827,1-ethyl-3-methylimidazolium tetrafluoroborate
7.2591161281,7.2640860232,1-ethyl-3-methylimidazolium tetrafluoroborate
7.11444419222,7.11453298848,1-ethyl-3-methylimidazolium ethyl sulfate
7.11761093597,7.12078950135,1-ethyl-3-methylimidazolium ethyl sulfate
7.1367218436,7.14195937786,1-ethyl-3-methylimidazolium ethyl sulfate
7.11895579533,7.12317191522,1-ethyl-3-methylimidazolium bis[(trifluoromethyl)sulfonyl]imide
7.1212039868,7.12580455737,1-ethyl-3-methylimidazolium tetrafluoroborate
7.32211405426,7.32406127118,1-ethyl-3-methylimidazolium bis[(trifluoromethyl)sulfonyl]imide
7.12616765592,7.1298730699,1-ethyl-3-methylimidazolium ethyl sulfate
7.24351297467,7.25554853058,1-ethyl-3-methylimidazolium ethyl sulfate
7.14503839385,7.1244387708,1-ethyl-3-methylimidazolium ethyl sulfate
7.30787278076,7.32614228175,1-ethyl-3-methylimidazolium methylsulfate
7.10023341599,7.10316606081,1-ethyl-3-methylimidazolium ethyl sulfate
7.09630738553,7.09793506776,1-ethyl-3-methylimidazolium ethyl sulfate
7.1609235434,7.15907615433,1-ethyl-3-methylimidazolium bis[(trifluoromethyl)sulfonyl]imide
7.11200139319,7.11403716161,1-ethyl-3-methylimidazolium ethyl sulfate
7.10652416715,7.10816268143,1-ethyl-3-methylimidazolium thiocyanate
7.0074196021,7.00737421647,1-ethyl-3-methylimidazolium acetate
7.01831226955,7.01926503426,1-ethyl-3-methylimidazolium bis[(trifluoromethyl)sulfonyl]imide
7.30210551175,7.30643783064,1-ethyl-3-methylimidazolium thiocyanate
7.13033867344,7.1349315606,1-ethyl-3-methylimidazolium ethyl sulfate
7.30988148582,7.31334030735,1-ethyl-3-methylimidazolium ethyl sulfate
7.11208291604,7.11550271828,1-ethyl-3-methylimidazolium methylsulfate
7.37713371283,7.34969894726,1-ethyl-3-methylimidazolium tetrafluoroborate
7.26612877956,7.27117889514,1-ethyl-3-methylimidazolium ethyl sulfate
7.11183832756,7.1155056664,1-ethyl-3-methylimidazolium ethyl sulfate
7.12928152316,7.10623119471,1-ethyl-3-methylimidazolium methanesulfonate
7.36827659284,7.36528316359,1-ethyl-3-methylimidazolium hexafluorophosphate
6.93439720993,7.01659776567,1-ethyl-3-methylimidazolium methylsulfate
7.13862887636,7.14556018348,1-ethyl-3-methylimidazolium bis[(trifluoromethyl)sulfonyl]imide
7.148895907,7.14860684345,1-ethyl-3-methylimidazolium tetrafluoroborate
7.148895907,7.15169707959,1-ethyl-3-methylimidazolium ethyl sulfate
7.15414649702,7.15229220433,1-ethyl-3-methylimidazolium ethyl sulfate
7.15461535691,7.1568209271,1-ethyl-3-methylimidazolium ethyl sulfate
7.31121838442,7.32968871772,1-ethyl-3-methylimidazolium methylsulfate
7.33269616359,7.33287299145,1-ethyl-3-methylimidazolium methylsulfate
7.12827138157,7.13375685347,1-ethyl-3-methylimidazolium ethyl sulfate
7.00488198971,7.01953500576,1-ethyl-3-methylimidazolium tetrafluoroborate
7.14873874842,7.15110974683,1-ethyl-3-methylimidazolium methanesulfonate
7.1710421946,7.17407127671,1-ethyl-3-methylimidazolium tetrafluoroborate
7.16965789845,7.1694151883,1-ethyl-3-methylimidazolium trifluoromethanesulfonate
7.11752986256,7.11991164179,1-ethyl-3-methylimidazolium bis[(trifluoromethyl)sulfonyl]imide
7.13568734703,7.14128366389,1-ethyl-3-methylimidazolium ethyl sulfate
7.07504779676,7.07091078949,1-ethyl-3-methylimidazolium tetrafluoroborate
7.01929665372,7.02047082249,1-ethyl-3-methylimidazolium tetrafluoroborate
7.12084849444,7.12431750193,1-ethyl-3-methylimidazolium bis[(trifluoromethyl)sulfonyl]imide
7.1089803662,7.11253916917,1-ethyl-3-methylimidazolium tetrafluoroborate
7.10496544827,7.13642354638,1-ethyl-3-methylimidazolium bis[(trifluoromethyl)sulfonyl]imide
7.10261457547,7.10607611608,1-ethyl-3-methylimidazolium ethyl sulfate
7.33354575355,7.33351789107,1-ethyl-3-methylimidazolium bis[(trifluoromethyl)sulfonyl]imide
7.1549278081,7.15698411175,1-ethyl-3-methylimidazolium ethyl sulfate
7.0831361381,7.08088298543,1-ethyl-3-methylimidazolium bis[(trifluoromethyl)sulfonyl]imide
7.34187262966,7.34388582865,1-ethyl-3-methylimidazolium ethyl sulfate
7.10811319826,7.11167318314,1-ethyl-3-methylimidazolium ethyl sulfate
7.12769369935,7.12611264484,1-ethyl-3-methylimidazolium acetate
7.25205395185,7.25699315126,1-ethyl-3-methylimidazolium ethyl sulfate
7.36581283721,7.32842033144,1-ethyl-3-methylimidazolium thiocyanate
7.13981892767,7.14229802656,1-ethyl-3-methylimidazolium ethyl sulfate
7.34310276157,7.33832944121,1-ethyl-3-methylimidazolium ethyl sulfate
7.36688752834,7.36422406982,1-ethyl-3-methylimidazolium ethyl sulfate
7.23215493437,7.21667598208,1-ethyl-3-methylimidazolium acetate
7.1236727852,7.12843719951,1-ethyl-3-methylimidazolium ethyl sulfate
7.13289683296,7.13816994784,1-ethyl-3-methylimidazolium thiocyanate
7.08086789669,7.07128113246,1-ethyl-3-methylimidazolium ethyl sulfate
7.10299306104,7.09831590251,1-ethyl-3-methylimidazolium tetrafluoroborate
7.11481822766,7.11844302175,1-ethyl-3-methylimidazolium hexafluorophosphate
7.22373322059,7.21141231518,1-ethyl-3-methylimidazolium ethyl sulfate
7.32231226377,7.32406127118,1-ethyl-3-methylimidazolium tetrafluoroborate
7.16355961254,7.1619133031,1-ethyl-3-methylimidazolium tetrafluoroborate
7.12141399109,7.11887658314,1-ethyl-3-methylimidazolium ethyl sulfate
7.09754057928,7.10022882073,1-ethyl-3-methylimidazolium bis[(trifluoromethyl)sulfonyl]imide
7.14488062782,7.14297137949,1-ethyl-3-methylimidazolium tetrafluoroborate
7.12197916812,7.12555432908,1-ethyl-3-methylimidazolium tetrafluoroborate
7.12777395295,7.13198363548,1-ethyl-3-methylimidazolium ethyl sulfate
7.23114227605,7.2172866801,1-ethyl-3-methylimidazolium tetrafluoroborate
7.1576575996,7.1599214671,1-ethyl-3-methylimidazolium ethyl sulfate
7.10473553678,7.10732169267,1-ethyl-3-methylimidazolium ethyl sulfate
7.32264252567,7.32406127118,1-ethyl-3-methylimidazolium thiocyanate
7.18083119904,7.18990724808,1-ethyl-3-methylimidazolium hexafluorophosphate
7.27447955877,7.27824788725,1-ethyl-3-methylimidazolium ethyl sulfate
6.9926936755,7.0077860454,1-ethyl-3-methylimidazolium thiocyanate
7.14989328797,7.13384125155,1-ethyl-3-methylimidazolium hexafluorophosphate
7.15563046652,7.15755748863,1-ethyl-3-methylimidazolium hexafluorophosphate
7.12136553247,7.12431750193,1-ethyl-3-methylimidazolium thiocyanate
7.1488173308,7.150573356,1-ethyl-3-methylimidazolium ethyl sulfate
7.09332156594,7.09263194578,1-ethyl-3-methylimidazolium ethyl sulfate
7.11379336239,7.11613341293,1-ethyl-3-methylimidazolium tetrafluoroborate
7.17150320114,7.15148312748,1-ethyl-3-methylimidazolium ethyl sulfate
7.1600692076,7.15976873061,1-ethyl-3-methylimidazolium hexafluorophosphate
7.12828742354,7.13339788587,1-ethyl-3-methylimidazolium thiocyanate
7.18538701558,7.19421086769,1-ethyl-3-methylimidazolium ethyl sulfate
7.10758926086,7.11081375898,1-ethyl-3-methylimidazolium tetrafluoroborate
7.00723855747,7.00843176006,1-ethyl-3-methylimidazolium ethyl sulfate
7.145196135,7.14229802656,1-ethyl-3-methylimidazolium thiocyanate
7.23705902612,7.25293551265,1-ethyl-3-methylimidazolium ethyl sulfate
7.16703787691,7.1599508395,1-ethyl-3-methylimidazolium methylsulfate
7.02402606065,7.02496266255,1-ethyl-3-methylimidazolium tetrafluoroborate
7.11822687919,7.12256271934,1-ethyl-3-methylimidazolium bis[(trifluoromethyl)sulfonyl]imide
7.13606148085,7.11386801894,1-ethyl-3-methylimidazolium methylsulfate
7.26332961748,7.2725735897,1-ethyl-3-methylimidazolium ethyl sulfate
7.12149475022,7.12499950286,1-ethyl-3-methylimidazolium ethyl sulfate
7.13767581458,7.14373259584,1-ethyl-3-methylimidazolium tetrafluoroborate
7.13920027774,7.11739270705,1-ethyl-3-methylimidazolium bis[(trifluoromethyl)sulfonyl]imide
7.26822302116,7.28475344736,1-ethyl-3-methylimidazolium ethyl sulfate
7.32514895796,7.3257985549,1-ethyl-3-methylimidazolium tetrafluoroborate
7.09835084489,7.10167025594,1-ethyl-3-methylimidazolium ethyl sulfate
7.12713174373,7.13019186685,1-ethyl-3-methylimidazolium ethyl sulfate
7.10734357067,7.10977268902,1-ethyl-3-methylimidazolium ethyl sulfate
7.00488198971,7.01662702281,1-ethyl-3-methylimidazolium bis[(trifluoromethyl)sulfonyl]imide
6.97988987674,6.9930997297,1-ethyl-3-methylimidazolium ethyl sulfate
7.16904204007,7.16819679654,1-ethyl-3-methylimidazolium tetrafluoroborate
7.09357072503,7.09200739104,1-ethyl-3-methylimidazolium trifluoromethanesulfonate
7.1793079695,7.1750198474,1-ethyl-3-methylimidazolium thiocyanate
7.22788033992,7.21434955527,1-ethyl-3-methylimidazolium thiocyanate
7.1087022999,7.11256807167,1-ethyl-3-methylimidazolium acetate
7.11995921026,7.0991676321,1-ethyl-3-methylimidazolium methylsulfate
7.12849594568,7.12502953128,1-ethyl-3-methylimidazolium ethyl sulfate
7.06902342658,7.05744085716,1-ethyl-3-methylimidazolium ethyl sulfate
7.31588350451,7.31850550033,1-ethyl-3-methylimidazolium tetrafluoroborate
7.08690514461,7.08443651427,1-ethyl-3-methylimidazolium ethyl sulfate
7.10345363282,7.10669359149,1-ethyl-3-methylimidazolium methylsulfate
7.11126738835,7.11319617284,1-ethyl-3-methylimidazolium trifluoromethanesulfonate
7.2093402566,7.2055373651,1-ethyl-3-methylimidazolium tetrafluoroborate
7.3537223304,7.3046461873,1-ethyl-3-methylimidazolium trifluoromethanesulfonate
7.29254137588,7.29762611037,1-ethyl-3-methylimidazolium bis[(trifluoromethyl)sulfonyl]imide
7.28742383205,7.28993631229,1-ethyl-3-methylimidazolium ethyl sulfate
7.10175834055,7.1037563514,1-ethyl-3-methylimidazolium bis[(trifluoromethyl)sulfonyl]imide
7.11999964943,7.1228430074,1-ethyl-3-methylimidazolium tetrafluoroborate
7.14527499624,7.14523526665,1-ethyl-3-methylimidazolium tetrafluoroborate
7.10742547411,7.11006486287,1-ethyl-3-methylimidazolium bis[(trifluoromethyl)sulfonyl]imide
7.32896249404,7.32993575136,1-ethyl-3-methylimidazolium bis[(trifluoromethyl)sulfonyl]imide
7.10570409166,7.10786895743,1-ethyl-3-methylimidazolium acetate
7.35212053605,7.34994237199,1-ethyl-3-methylimidazolium tetrafluoroborate
7.12004008696,7.12431750193,1-ethyl-3-methylimidazolium bis[(trifluoromethyl)sulfonyl]imide
7.12068686522,7.11901628337,1-ethyl-3-methylimidazolium thiocyanate
7.1576575996,7.1599214671,1-ethyl-3-methylimidazolium ethyl sulfate
7.2861917147,7.29211584797,1-ethyl-3-methylimidazolium tetrafluoroborate
7.11834030105,7.12139869723,1-ethyl-3-methylimidazolium methylsulfate
7.33217298001,7.33287299145,1-ethyl-3-methylimidazolium ethyl sulfate
6.9986557503,7.01366052558,1-ethyl-3-methylimidazolium acetate
7.14850296424,7.14661790678,1-ethyl-3-methylimidazolium bis[(trifluoromethyl)sulfonyl]imide
7.12841575,7.12725427211,1-ethyl-3-methylimidazolium ethyl sulfate
7.09323849911,7.09494510103,1-ethyl-3-methylimidazolium methylsulfate
7.12785420011,7.13192926583,1-ethyl-3-methylimidazolium ethyl sulfate
7.14053227926,7.14523525778,1-ethyl-3-methylimidazolium tetrafluoroborate
7.16642040236,7.16733602563,1-ethyl-3-methylimidazolium ethyl sulfate
7.16324984718,7.14233962444,1-ethyl-3-methylimidazolium tetrafluoroborate
7.12597472677,7.13106984166,1-ethyl-3-methylimidazolium acetate
7.17755338234,7.17904843214,1-ethyl-3-methylimidazolium ethyl sulfate
6.98425324995,6.99897432513,1-ethyl-3-methylimidazolium acetate
7.08086789669,7.08133610831,1-ethyl-3-methylimidazolium bis[(trifluoromethyl)sulfonyl]imide
7.10693395284,7.10549410502,1-ethyl-3-methylimidazolium ethyl sulfate
7.11598821756,7.11300210296,1-ethyl-3-methylimidazolium ethyl sulfate
7.25643837299,7.2654591439,1-ethyl-3-methylimidazolium methylsulfate
7.26787428532,7.2539230328,1-ethyl-3-methylimidazolium ethyl sulfate
7.00551699676,7.00730562861,1-ethyl-3-methylimidazolium ethyl sulfate
7.12016947608,7.12464053526,1-ethyl-3-methylimidazolium hexafluorophosphate
7.1079167539,7.10963717596,1-ethyl-3-methylimidazolium bis[(trifluoromethyl)sulfonyl]imide
7.12488075797,7.1286113387,1-ethyl-3-methylimidazolium tetrafluoroborate
7.10947088288,7.11314180319,1-ethyl-3-methylimidazolium methylsulfate
7.31588350451,7.318186791,1-ethyl-3-methylimidazolium ethyl sulfate
7.14677217945,7.14559021191,1-ethyl-3-methylimidazolium bis[(trifluoromethyl)sulfonyl]imide
7.24251175882,7.22811545106,1-ethyl-3-methylimidazolium ethyl sulfate
7.01391547481,7.02834661077,1-ethyl-3-methylimidazolium ethyl sulfate
7.20400058209,7.19851776811,1-ethyl-3-methylimidazolium ethyl sulfate
7.1576575996,7.1599214671,1-ethyl-3-methylimidazolium acetate
7.2126631321,7.19966335482,1-ethyl-3-methylimidazolium ethyl sulfate
7.11590701248,7.11300210296,1-ethyl-3-methylimidazolium ethyl sulfate
7.11232744471,7.11491502117,1-ethyl-3-methylimidazolium ethyl sulfate
7.16037995962,7.14028899335,1-ethyl-3-methylimidazolium tetrafluoroborate
7.00197395422,7.00146474183,1-ethyl-3-methylimidazolium hexafluorophosphate
7.30364132064,7.30062921711,1-ethyl-3-methylimidazolium hexafluorophosphate
7.14606326682,7.14817250674,1-ethyl-3-methylimidazolium tetrafluoroborate
7.09404395634,7.09726439581,1-ethyl-3-methylimidazolium acetate
7.10233473317,7.1037568213,1-ethyl-3-methylimidazolium ethyl sulfate
7.24843294609,7.23433224945,1-ethyl-3-methylimidazolium bis[(trifluoromethyl)sulfonyl]imide
7.10085190894,7.1037563514,1-ethyl-3-methylimidazolium ethyl sulfate
7.329356169,7.32995924928,1-ethyl-3-methylimidazolium methanesulfonate
7.17472430984,7.18002512381,1-ethyl-3-methylimidazolium ethyl sulfate
7.29742970118,7.30224513878,1-ethyl-3-methylimidazolium trifluoromethanesulfonate
7.13616493997,7.14195937786,1-ethyl-3-methylimidazolium ethyl sulfate
7.2205201318,7.21436799067,1-ethyl-3-methylimidazolium ethyl sulfate
7.1042344751,7.10701709473,1-ethyl-3-methylimidazolium ethyl sulfate
7.30854279754,7.31231184092,1-ethyl-3-methylimidazolium hexafluorophosphate
7.10414409299,7.09600007003,1-ethyl-3-methylimidazolium ethyl sulfate
7.24992553672,7.26357482056,1-ethyl-3-methylimidazolium bis[(trifluoromethyl)sulfonyl]imide
7.10893130129,7.11228237902,1-ethyl-3-methylimidazolium ethyl sulfate
7.15804696222,7.13677849164,1-ethyl-3-methylimidazolium ethyl sulfate
7.16169957945,7.14150738511,1-ethyl-3-methylimidazolium acetate
7.11792705949,7.12200789311,1-ethyl-3-methylimidazolium tetrafluoroborate
7.31575051694,7.3181863211,1-ethyl-3-methylimidazolium trifluoromethanesulfonate
7.26473017793,7.28890250731,1-ethyl-3-methylimidazolium acetate
7.15030922382,7.16152882991,1-ethyl-3-methylimidazolium thiocyanate
7.12125245324,7.11785137566,1-ethyl-3-methylimidazolium trifluoromethanesulfonate
7.12842376986,7.13312922219,1-ethyl-3-methylimidazolium methylsulfate
7.09406885705,7.08950418224,1-ethyl-3-methylimidazolium ethyl sulfate
7.0842264221,7.08040269027,1-ethyl-3-methylimidazolium ethyl sulfate
7.0074196021,7.00733922201,1-ethyl-3-methylimidazolium methylsulfate
7.30854279754,7.31263102016,1-ethyl-3-methylimidazolium ethyl sulfate
7.15695636462,7.15522944442,1-ethyl-3-methylimidazolium ethyl sulfate
7.27849090657,7.2846600163,1-ethyl-3-methylimidazolium ethyl sulfate
7.19067603433,7.20409299196,1-ethyl-3-methylimidazolium acetate
7.14116594265,7.14729179898,1-ethyl-3-methylimidazolium methylsulfate
7.16649760754,7.14738186529,1-ethyl-3-methylimidazolium tetrafluoroborate
7.10340429599,7.10083801661,1-ethyl-3-methylimidazolium tetrafluoroborate
7.12092929926,7.12431750193,1-ethyl-3-methylimidazolium hexafluorophosphate
7.29573507275,7.30159134699,1-ethyl-3-methylimidazolium tetrafluoroborate
7.33602503974,7.33581023154,1-ethyl-3-methylimidazolium ethyl sulfate
7.08874261276,7.08620618582,1-ethyl-3-methylimidazolium hexafluorophosphate
7.12423668742,7.12757345135,1-ethyl-3-methylimidazolium ethyl sulfate
7.16216491217,7.16465036057,1-ethyl-3-methylimidazolium hexafluorophosphate
7.00170089182,7.00178345117,1-ethyl-3-methylimidazolium acetate
7.12415614943,7.12788237329,1-ethyl-3-methylimidazolium ethyl sulfate
7.11890721744,7.12200789311,1-ethyl-3-methylimidazolium tetrafluoroborate
7.1722710734,7.17235242839,1-ethyl-3-methylimidazolium tetrafluoroborate
7.11395610957,7.11785226126,1-ethyl-3-methylimidazolium ethyl sulfate
7.19067603433,7.20130373963,1-ethyl-3-methylimidazolium ethyl sulfate
7.12117167454,7.12431750193,1-ethyl-3-methylimidazolium bis[(trifluoromethyl)sulfonyl]imide
7.19037455709,7.1885877474,1-ethyl-3-methylimidazolium ethyl sulfate
6.99402471413,6.99265302157,1-ethyl-3-methylimidazolium tetrafluoroborate
7.14424931466,7.14351564395,1-ethyl-3-methylimidazolium bis[(trifluoromethyl)sulfonyl]imide
7.08389107669,7.08377294873,1-ethyl-3-methylimidazolium bis[(trifluoromethyl)sulfonyl]imide
7.15793795596,7.14265297182,1-ethyl-3-methylimidazolium acetate
7.01481435128,7.01615094228,1-ethyl-3-methylimidazolium ethyl sulfate
7.15375561244,7.13264129518,1-ethyl-3-methylimidazolium ethyl sulfate
7.28920088125,7.29548341251,1-ethyl-3-methylimidazolium acetate
7.30148513087,7.30577982579,1-ethyl-3-methylimidazolium ethyl sulfate
7.11452551618,7.11843794148,1-ethyl-3-methylimidazolium tetrafluoroborate
7.29573507275,7.31195653787,1-ethyl-3-methylimidazolium methylsulfate
7.11517586983,7.11679449597,1-ethyl-3-methylimidazolium tetrafluoroborate
7.11987832701,7.12431750193,1-ethyl-3-methylimidazolium hexafluorophosphate
7.1378347213,7.13669409356,1-ethyl-3-methylimidazolium ethyl sulfate
7.13449236581,7.14029348061,1-ethyl-3-methylimidazolium ethyl sulfate
7.16185471442,7.17694890632,1-ethyl-3-methylimidazolium tetrafluoroborate
7.12004008696,7.12317191522,1-ethyl-3-methylimidazolium methylsulfate
7.13910506684,7.14550581383,1-ethyl-3-methylimidazolium ethyl sulfate
7.1309788271,7.1354757018,1-ethyl-3-methylimidazolium thiocyanate
7.11849421014,7.12286731728,1-ethyl-3-methylimidazolium tetrafluoroborate
7.16051199999,7.14559021191,1-ethyl-3-methylimidazolium tetrafluoroborate
7.1277177761,7.10446885066,1-ethyl-3-methylimidazolium bis[(trifluoromethyl)sulfonyl]imide
6.98610424539,6.99897432513,1-ethyl-3-methylimidazolium ethyl sulfate
7.09257371597,7.06631282157,1-ethyl-3-methylimidazolium thiocyanate
7.07301544785,7.06913402507,1-ethyl-3-methylimidazolium tetrafluoroborate
7.11825928675,7.12137979193,1-ethyl-3-methylimidazolium ethyl sulfate
7.14393350857,7.15081234597,1-ethyl-3-methylimidazolium ethyl sulfate
7.00279269432,7.01369577246,1-ethyl-3-methylimidazolium tetrafluoroborate
7.11655646858,7.11300210296,1-ethyl-3-methylimidazolium ethyl sulfate
7.15984385198,7.14030317975,1-ethyl-3-methylimidazolium bis[(trifluoromethyl)sulfonyl]imide
6.96922660107,6.9813508846,1-ethyl-3-methylimidazolium hexafluorophosphate
7.08002649992,7.0768562543,1-ethyl-3-methylimidazolium ethyl sulfate
7.1115121165,7.11044346715,1-ethyl-3-methylimidazolium thiocyanate
6.988413182,6.99309984496,1-ethyl-3-methylimidazolium ethyl sulfate
7.25148681728,7.23654336731,1-ethyl-3-methylimidazolium ethyl sulfate
7.1514854639,7.15075351769,1-ethyl-3-methylimidazolium ethyl sulfate
7.20711885621,7.19388286633,1-ethyl-3-methylimidazolium bis[(trifluoromethyl)sulfonyl]imide
7.13032266434,7.10740609075,1-ethyl-3-methylimidazolium acetate
7.12044437239,7.12725474202,1-ethyl-3-methylimidazolium methanesulfonate
7.10241704786,7.10433008292,1-ethyl-3-methylimidazolium bis[(trifluoromethyl)sulfonyl]imide
7.11281632275,7.11550578166,1-ethyl-3-methylimidazolium bis[(trifluoromethyl)sulfonyl]imide
7.12528309151,7.11602746025,1-ethyl-3-methylimidazolium bis[(trifluoromethyl)sulfonyl]imide
7.10027466075,7.09972481772,1-ethyl-3-methylimidazolium bis[(trifluoromethyl)sulfonyl]imide
7.2122944685,7.19978671891,1-ethyl-3-methylimidazolium bis[(trifluoromethyl)sulfonyl]imide
7.11939289011,7.12256271934,1-ethyl-3-methylimidazolium methanesulfonate
7.14677217945,7.14622286341,1-ethyl-3-methylimidazolium ethyl sulfate
7.15305163494,7.1544841326,1-ethyl-3-methylimidazolium acetate
7.22154359852,7.20847507509,1-ethyl-3-methylimidazolium ethyl sulfate
7.1268908089,7.12728104209,1-ethyl-3-methylimidazolium ethyl sulfate
7.30498658216,7.30828075244,1-ethyl-3-methylimidazolium trifluoromethanesulfonate
7.13137871513,7.12960122162,"1-ethyl-3-methylimidazolium 1,1,2,2,2-pentafluoro-N-[(pentafluoroethyl)sulfonyl]ethanesulfonamide"
7.35525764288,7.35176306694,1-ethyl-3-methylimidazolium methylsulfate
7.10878409213,7.11256854157,1-ethyl-3-methylimidazolium trifluoromethanesulfonate
7.22030068116,7.20847507509,1-ethyl-3-methylimidazolium trifluoromethanesulfonate
7.00712086088,7.02247224585,1-ethyl-3-methylimidazolium tetrafluoroborate
7.13807303404,7.13453264786,1-ethyl-3-methylimidazolium bis[(trifluoromethyl)sulfonyl]imide
7.18462915272,7.12796677137,1-ethyl-3-methylimidazolium trifluoromethanesulfonate
7.16711503443,7.14677266941,1-ethyl-3-methylimidazolium ethyl sulfate
7.10019216952,7.10199447725,1-ethyl-3-methylimidazolium acetate
7.2954636655,7.30056335046,1-ethyl-3-methylimidazolium trifluoromethanesulfonate
7.11232744471,7.11006486287,1-ethyl-3-methylimidazolium ethyl sulfate
7.15672251031,7.16802056276,1-ethyl-3-methylimidazolium ethyl sulfate
7.09514729259,7.0944087102,1-ethyl-3-methylimidazolium ethyl sulfate
7.12355996659,7.12843719951,1-ethyl-3-methylimidazolium trifluoromethanesulfonate
7.10455485496,7.10669406139,1-ethyl-3-methylimidazolium bis[(trifluoromethyl)sulfonyl]imide
7.32229905102,7.32406127118,1-ethyl-3-methylimidazolium bis[(trifluoromethyl)sulfonyl]imide
7.10742547411,7.09714270727,1-ethyl-3-methylimidazolium ethyl sulfate
7.1576575996,7.1599214671,1-ethyl-3-methylimidazolium ethyl sulfate
7.12705143857,7.13018610762,1-ethyl-3-methylimidazolium ethyl sulfate
7.18984675312,7.1882331038,1-ethyl-3-methylimidazolium thiocyanate
7.1610787988,7.16091835291,1-ethyl-3-methylimidazolium ethyl sulfate
7.06475902779,7.05602228278,1-ethyl-3-methylimidazolium ethyl sulfate
7.27931883541,7.29422435802,1-ethyl-3-methylimidazolium thiocyanate
7.10120633912,7.10460749603,1-ethyl-3-methylimidazolium tetrafluoroborate
7.09558662895,7.09244142233,1-ethyl-3-methylimidazolium ethyl sulfate
7.00778159305,7.02247213059,1-ethyl-3-methylimidazolium trifluoromethanesulfonate
7.20340552108,7.20033670776,1-ethyl-3-methylimidazolium ethyl sulfate
6.99686445405,6.99590897099,1-ethyl-3-methylimidazolium ethyl sulfate
7.13249755166,7.13062554349,1-ethyl-3-methylimidazolium trifluoromethanesulfonate
7.10397974095,7.10726732301,1-ethyl-3-methylimidazolium bis[(trifluoromethyl)sulfonyl]imide
7.11889102429,7.1234221435,1-ethyl-3-methylimidazolium methylsulfate
7.10081068798,7.10402548498,1-ethyl-3-methylimidazolium methylsulfate
7.13966033596,7.12427456743,1-ethyl-3-methylimidazolium bis[(trifluoromethyl)sulfonyl]imide
7.32376460097,7.32359131276,1-ethyl-3-methylimidazolium methylsulfate
7.15453722886,7.15698422701,1-ethyl-3-methylimidazolium tetrafluoroborate
7.27724772663,7.28746645431,1-ethyl-3-methylimidazolium bis[(trifluoromethyl)sulfonyl]imide
7.10588456598,7.10963083158,1-ethyl-3-methylimidazolium bis[(trifluoromethyl)sulfonyl]imide
7.01373560252,7.01459634232,1-ethyl-3-methylimidazolium bis[(trifluoromethyl)sulfonyl]imide
6.99448328249,7.0077860454,1-ethyl-3-methylimidazolium tetrafluoroborate
7.15391198461,7.13384113629,1-ethyl-3-methylimidazolium bis[(trifluoromethyl)sulfonyl]imide
7.31674749287,7.31986857931,1-ethyl-3-methylimidazolium hexafluorophosphate
7.31754435857,7.31777557739,1-ethyl-3-methylimidazolium thiocyanate
7.16657480675,7.16586875233,1-ethyl-3-methylimidazolium tetrafluoroborate
7.31181940617,7.31524955091,1-ethyl-3-methylimidazolium trifluoromethanesulfonate
7.25777814684,7.24330106758,1-ethyl-3-methylimidazolium bis[(trifluoromethyl)sulfonyl]imide
7.29532793425,7.30065146767,1-ethyl-3-methylimidazolium methanesulfonate
7.25777814684,7.24310041765,1-ethyl-3-methylimidazolium ethyl sulfate
6.98323374016,6.99310571944,1-ethyl-3-methylimidazolium ethyl sulfate
7.13353535162,7.13348630629,1-ethyl-3-methylimidazolium acetate
7.11241709024,7.11635645639,1-ethyl-3-methylimidazolium ethyl sulfate
7.12833554789,7.13375685347,1-ethyl-3-methylimidazolium thiocyanate
7.09854091419,7.09795514617,1-ethyl-3-methylimidazolium ethyl sulfate
7.12205988163,7.11680046801,1-ethyl-3-methylimidazolium ethyl sulfate
7.11485074587,7.115329891,1-ethyl-3-methylimidazolium trifluoromethanesulfonate
7.12149475022,7.12431738667,1-ethyl-3-methylimidazolium ethyl sulfate
7.31188616408,7.31493620354,1-ethyl-3-methylimidazolium thiocyanate
7.12091313882,7.12549995942,1-ethyl-3-methylimidazolium ethyl sulfate
6.98351189138,6.98090406121,1-ethyl-3-methylimidazolium tetrafluoroborate
7.00142775484,7.01073503445,1-ethyl-3-methylimidazolium ethyl sulfate
7.00142775484,7.00149973629,1-ethyl-3-methylimidazolium ethyl sulfate
7.17441798421,7.17346208083,1-ethyl-3-methylimidazolium ethyl sulfate
7.1637918736,7.16398523109,1-ethyl-3-methylimidazolium tetrafluoroborate
7.09427633884,7.0969869827,1-ethyl-3-methylimidazolium ethyl sulfate
7.13361513779,7.11268981044,1-ethyl-3-methylimidazolium hexafluorophosphate
7.32231226377,7.32413752416,1-ethyl-3-methylimidazolium ethyl sulfate
7.12159972735,7.12635938359,1-ethyl-3-methylimidazolium trifluoromethanesulfonate
7.21604847534,7.21141184528,1-ethyl-3-methylimidazolium ethyl sulfate
7.15715899412,7.13736593966,1-ethyl-3-methylimidazolium bis[(trifluoromethyl)sulfonyl]imide
7.15172054599,7.15404698692,1-ethyl-3-methylimidazolium bis[(trifluoromethyl)sulfonyl]imide
6.98332646583,6.99603708505,1-ethyl-3-methylimidazolium ethyl sulfate
7.11987832701,7.12311399912,1-ethyl-3-methylimidazolium bis[(trifluoromethyl)sulfonyl]imide
7.08690514461,7.08153692987,1-ethyl-3-methylimidazolium tetrafluoroborate
7.14606326682,7.14817250674,1-ethyl-3-methylimidazolium methylsulfate
7.19967834569,7.21548948351,1-ethyl-3-methylimidazolium ethyl sulfate
7.33563398193,7.33581023154,1-ethyl-3-methylimidazolium bis[(trifluoromethyl)sulfonyl]imide
7.13878763172,7.14516085479,1-ethyl-3-methylimidazolium bis[(trifluoromethyl)sulfonyl]imide
7.14614205971,7.14395782397,1-ethyl-3-methylimidazolium ethyl sulfate
7.08782430072,7.0873193847,1-ethyl-3-methylimidazolium bis[(trifluoromethyl)sulfonyl]imide
7.11402120102,7.11760203298,1-ethyl-3-methylimidazolium hexafluorophosphate
7.22954888106,7.22316080564,1-ethyl-3-methylimidazolium acetate
6.99307021783,6.99265302157,1-ethyl-3-methylimidazolium thiocyanate
7.06064802509,7.0556189396,1-ethyl-3-methylimidazolium bis[(trifluoromethyl)sulfonyl]imide
7.22700869027,7.22079729707,1-ethyl-3-methylimidazolium ethyl sulfate
7.10987946307,7.11344640113,1-ethyl-3-methylimidazolium tetrafluoroborate
7.08590146437,7.08045424584,1-ethyl-3-methylimidazolium methylsulfate
7.17165682277,7.17647868784,1-ethyl-3-methylimidazolium bis[(trifluoromethyl)sulfonyl]imide
7.29573507275,7.31078814062,1-ethyl-3-methylimidazolium bis[(trifluoromethyl)sulfonyl]imide
7.11061448699,7.1134192163,1-ethyl-3-methylimidazolium ethyl sulfate
7.2566500356,7.26531646939,1-ethyl-3-methylimidazolium methanesulfonate
7.15921414128,7.17357824604,1-ethyl-3-methylimidazolium thiocyanate
7.11720550316,7.11430493969,1-ethyl-3-methylimidazolium bis[(trifluoromethyl)sulfonyl]imide
7.11746499909,7.12138026184,1-ethyl-3-methylimidazolium tetrafluoroborate
7.08840877868,7.08360032966,1-ethyl-3-methylimidazolium methylsulfate
7.20971001072,7.20585654434,1-ethyl-3-methylimidazolium ethyl sulfate
7.17242457712,7.18047758164,1-ethyl-3-methylimidazolium bis[(trifluoromethyl)sulfonyl]imide
7.11338637855,7.11617913459,1-ethyl-3-methylimidazolium ethyl sulfate
7.1514854639,7.15327449113,1-ethyl-3-methylimidazolium trifluoromethanesulfonate
7.30941314875,7.31231231082,1-ethyl-3-methylimidazolium thiocyanate
7.10414409299,7.0935962713,1-ethyl-3-methylimidazolium bis[(trifluoromethyl)sulfonyl]imide
7.28591770456,7.2917516302,1-ethyl-3-methylimidazolium ethyl sulfate
7.11102260029,7.11436019495,1-ethyl-3-methylimidazolium acetate
7.13409372119,7.13907650742,1-ethyl-3-methylimidazolium ethyl sulfate
7.31547118548,7.318186791,1-ethyl-3-methylimidazolium ethyl sulfate
7.10134642803,7.1037568213,1-ethyl-3-methylimidazolium ethyl sulfate
7.35978585624,7.35712587823,1-ethyl-3-methylimidazolium ethyl sulfate
7.15007380968,7.14817203684,1-ethyl-3-methylimidazolium bis[(trifluoromethyl)sulfonyl]imide
7.11232744471,7.11550578166,1-ethyl-3-methylimidazolium methanesulfonate
7.13767581458,7.13608489768,1-ethyl-3-methylimidazolium tetrafluoroborate
7.16014690466,7.13973416712,1-ethyl-3-methylimidazolium tetrafluoroborate
7.15156383074,7.13153164274,1-ethyl-3-methylimidazolium acetate
7.12512217752,7.1285448749,1-ethyl-3-methylimidazolium ethyl sulfate
7.31521838975,7.3181863211,1-ethyl-3-methylimidazolium ethyl sulfate
7.1268908089,7.13198363548,1-ethyl-3-methylimidazolium tetrafluoroborate
7.10447271606,7.10669406139,1-ethyl-3-methylimidazolium tetrafluoroborate
7.10603220257,7.10963130148,1-ethyl-3-methylimidazolium bis[(trifluoromethyl)sulfonyl]imide
7.13648320859,7.13664090215,1-ethyl-3-methylimidazolium trifluoromethanesulfonate
7.11053284434,7.10712762278,1-ethyl-3-methylimidazolium bis[(trifluoromethyl)sulfonyl]imide
7.09315542539,7.09435765302,1-ethyl-3-methylimidazolium trifluoromethanesulfonate
7.13009851013,7.13497169879,1-ethyl-3-methylimidazolium ethyl sulfate
7.16587979919,7.16615375748,1-ethyl-3-methylimidazolium bis[(trifluoromethyl)sulfonyl]imide
7.16348218019,7.16232231636,1-ethyl-3-methylimidazolium methylsulfate
7.1308988303,7.13553007145,1-ethyl-3-methylimidazolium bis[(trifluoromethyl)sulfonyl]imide
7.1884127365,7.20054655599,1-ethyl-3-methylimidazolium bis[(trifluoromethyl)sulfonyl]imide
7.06390396147,7.06167834757,1-ethyl-3-methylimidazolium bis[(trifluoromethyl)sulfonyl]imide
7.10537587307,7.10873594305,1-ethyl-3-methylimidazolium ethyl sulfate
7.23323878866,7.21872516327,1-ethyl-3-methylimidazolium acetate
7.10167597162,7.09458843415,1-ethyl-3-methylimidazolium ethyl sulfate
7.3238305662,7.32291568447,1-ethyl-3-methylimidazolium tetrafluoroborate
7.16332729752,7.16285870719,1-ethyl-3-methylimidazolium ethyl sulfate
7.15070145759,7.12502953128,1-ethyl-3-methylimidazolium methylsulfate
7.11475318807,7.11844302175,1-ethyl-3-methylimidazolium tetrafluoroborate
7.26438022167,7.25040973315,1-ethyl-3-methylimidazolium ethyl sulfate
7.00524490026,7.01953500576,1-ethyl-3-methylimidazolium trifluoromethanesulfonate
7.11293850492,7.11668823916,1-ethyl-3-methylimidazolium tetrafluoroborate
7.13505020142,7.13375685347,1-ethyl-3-methylimidazolium ethyl sulfate
7.1018407027,7.10261478103,1-ethyl-3-methylimidazolium ethyl sulfate
7.1332959549,7.13090401146,1-ethyl-3-methylimidazolium tetrafluoroborate
7.13169851047,7.13060781101,1-ethyl-3-methylimidazolium ethyl sulfate
7.28090378561,7.28642166354,1-ethyl-3-methylimidazolium ethyl sulfate
7.1051296384,7.10560284434,1-ethyl-3-methylimidazolium bis[(trifluoromethyl)sulfonyl]imide
7.28810768628,7.29345516637,1-ethyl-3-methylimidazolium tetrafluoroborate
7.13489085157,7.13606646228,1-ethyl-3-methylimidazolium tetrafluoroborate
7.15266032208,7.14817250674,1-ethyl-3-methylimidazolium bis[(trifluoromethyl)sulfonyl]imide
7.29437729929,7.30056288056,1-ethyl-3-methylimidazolium hexafluorophosphate
7.08145645348,7.07734009589,1-ethyl-3-methylimidazolium ethyl sulfate
7.20184179911,7.19674455013,1-ethyl-3-methylimidazolium ethyl sulfate
7.1217369885,7.12490494994,1-ethyl-3-methylimidazolium ethyl sulfate
7.3099349961,7.31357532406,1-ethyl-3-methylimidazolium ethyl sulfate
7.11688103853,7.12018030547,1-ethyl-3-methylimidazolium ethyl sulfate
7.15453722886,7.15698422701,1-ethyl-3-methylimidazolium tetrafluoroborate
7.36960072053,7.33551320338,1-ethyl-3-methylimidazolium bis[(trifluoromethyl)sulfonyl]imide
7.14921015007,7.15974592736,1-ethyl-3-methylimidazolium ethyl sulfate
7.12415614943,7.12256271934,1-ethyl-3-methylimidazolium bis[(trifluoromethyl)sulfonyl]imide
7.15664454671,7.15472033985,1-ethyl-3-methylimidazolium ethyl sulfate
6.97994569952,6.9930997297,1-ethyl-3-methylimidazolium bis[(trifluoromethyl)sulfonyl]imide
7.11546839104,7.11991117189,1-ethyl-3-methylimidazolium thiocyanate
7.23099752683,7.22378890681,1-ethyl-3-methylimidazolium tetrafluoroborate
7.13283295866,7.13841294189,1-ethyl-3-methylimidazolium ethyl sulfate
7.12640876502,7.13167903754,1-ethyl-3-methylimidazolium tetrafluoroborate
7.10085190894,7.10011919581,1-ethyl-3-methylimidazolium tetrafluoroborate
7.28344822876,7.29549274429,1-ethyl-3-methylimidazolium thiocyanate
7.32778053842,7.33002386856,1-ethyl-3-methylimidazolium ethyl sulfate
7.14614205971,7.14817239148,1-ethyl-3-methylimidazolium ethyl sulfate
